--
-- PostgreSQL database dump
--

-- Dumped from database version 12.9 (Ubuntu 12.9-2.pgdg20.04+1)
-- Dumped by pg_dump version 12.9 (Ubuntu 12.9-2.pgdg20.04+1)

SET statement_timeout = 0;
SET lock_timeout = 0;
SET idle_in_transaction_session_timeout = 0;
SET client_encoding = 'UTF8';
SET standard_conforming_strings = on;
SELECT pg_catalog.set_config('search_path', '', false);
SET check_function_bodies = false;
SET xmloption = content;
SET client_min_messages = warning;
SET row_security = off;

DROP DATABASE universe;
--
-- Name: universe; Type: DATABASE; Schema: -; Owner: freecodecamp
--

CREATE DATABASE universe WITH TEMPLATE = template0 ENCODING = 'UTF8' LC_COLLATE = 'C.UTF-8' LC_CTYPE = 'C.UTF-8';


ALTER DATABASE universe OWNER TO freecodecamp;

\connect universe

SET statement_timeout = 0;
SET lock_timeout = 0;
SET idle_in_transaction_session_timeout = 0;
SET client_encoding = 'UTF8';
SET standard_conforming_strings = on;
SELECT pg_catalog.set_config('search_path', '', false);
SET check_function_bodies = false;
SET xmloption = content;
SET client_min_messages = warning;
SET row_security = off;

SET default_tablespace = '';

SET default_table_access_method = heap;

--
-- Name: galaxy; Type: TABLE; Schema: public; Owner: freecodecamp
--

CREATE TABLE public.galaxy (
    galaxy_id integer NOT NULL,
    name character varying NOT NULL,
    description text,
    age integer,
    size numeric
);


ALTER TABLE public.galaxy OWNER TO freecodecamp;

--
-- Name: galaxy_galaxy_id_seq; Type: SEQUENCE; Schema: public; Owner: freecodecamp
--

CREATE SEQUENCE public.galaxy_galaxy_id_seq
    AS integer
    START WITH 1
    INCREMENT BY 1
    NO MINVALUE
    NO MAXVALUE
    CACHE 1;


ALTER TABLE public.galaxy_galaxy_id_seq OWNER TO freecodecamp;

--
-- Name: galaxy_galaxy_id_seq; Type: SEQUENCE OWNED BY; Schema: public; Owner: freecodecamp
--

ALTER SEQUENCE public.galaxy_galaxy_id_seq OWNED BY public.galaxy.galaxy_id;


--
-- Name: moon; Type: TABLE; Schema: public; Owner: freecodecamp
--

CREATE TABLE public.moon (
    moon_id integer NOT NULL,
    name character varying NOT NULL,
    has_life boolean,
    distance_from_planet numeric,
    planet_id integer NOT NULL
);


ALTER TABLE public.moon OWNER TO freecodecamp;

--
-- Name: moon_moon_id_seq; Type: SEQUENCE; Schema: public; Owner: freecodecamp
--

CREATE SEQUENCE public.moon_moon_id_seq
    AS integer
    START WITH 1
    INCREMENT BY 1
    NO MINVALUE
    NO MAXVALUE
    CACHE 1;


ALTER TABLE public.moon_moon_id_seq OWNER TO freecodecamp;

--
-- Name: moon_moon_id_seq; Type: SEQUENCE OWNED BY; Schema: public; Owner: freecodecamp
--

ALTER SEQUENCE public.moon_moon_id_seq OWNED BY public.moon.moon_id;


--
-- Name: nebula; Type: TABLE; Schema: public; Owner: freecodecamp
--

CREATE TABLE public.nebula (
    nebula_id integer NOT NULL,
    name character varying NOT NULL,
    description text,
    type character varying
);


ALTER TABLE public.nebula OWNER TO freecodecamp;

--
-- Name: nebula_nebula_id_seq; Type: SEQUENCE; Schema: public; Owner: freecodecamp
--

CREATE SEQUENCE public.nebula_nebula_id_seq
    AS integer
    START WITH 1
    INCREMENT BY 1
    NO MINVALUE
    NO MAXVALUE
    CACHE 1;


ALTER TABLE public.nebula_nebula_id_seq OWNER TO freecodecamp;

--
-- Name: nebula_nebula_id_seq; Type: SEQUENCE OWNED BY; Schema: public; Owner: freecodecamp
--

ALTER SEQUENCE public.nebula_nebula_id_seq OWNED BY public.nebula.nebula_id;


--
-- Name: planet; Type: TABLE; Schema: public; Owner: freecodecamp
--

CREATE TABLE public.planet (
    planet_id integer NOT NULL,
    name character varying NOT NULL,
    has_life boolean,
    description text,
    star_id integer NOT NULL
);


ALTER TABLE public.planet OWNER TO freecodecamp;

--
-- Name: planet_planet_id_seq; Type: SEQUENCE; Schema: public; Owner: freecodecamp
--

CREATE SEQUENCE public.planet_planet_id_seq
    AS integer
    START WITH 1
    INCREMENT BY 1
    NO MINVALUE
    NO MAXVALUE
    CACHE 1;


ALTER TABLE public.planet_planet_id_seq OWNER TO freecodecamp;

--
-- Name: planet_planet_id_seq; Type: SEQUENCE OWNED BY; Schema: public; Owner: freecodecamp
--

ALTER SEQUENCE public.planet_planet_id_seq OWNED BY public.planet.planet_id;


--
-- Name: star; Type: TABLE; Schema: public; Owner: freecodecamp
--

CREATE TABLE public.star (
    star_id integer NOT NULL,
    name character varying NOT NULL,
    description text,
    age integer,
    galaxy_id integer NOT NULL,
    type character varying
);


ALTER TABLE public.star OWNER TO freecodecamp;

--
-- Name: star_star_id_seq; Type: SEQUENCE; Schema: public; Owner: freecodecamp
--

CREATE SEQUENCE public.star_star_id_seq
    AS integer
    START WITH 1
    INCREMENT BY 1
    NO MINVALUE
    NO MAXVALUE
    CACHE 1;


ALTER TABLE public.star_star_id_seq OWNER TO freecodecamp;

--
-- Name: star_star_id_seq; Type: SEQUENCE OWNED BY; Schema: public; Owner: freecodecamp
--

ALTER SEQUENCE public.star_star_id_seq OWNED BY public.star.star_id;


--
-- Name: galaxy galaxy_id; Type: DEFAULT; Schema: public; Owner: freecodecamp
--

ALTER TABLE ONLY public.galaxy ALTER COLUMN galaxy_id SET DEFAULT nextval('public.galaxy_galaxy_id_seq'::regclass);


--
-- Name: moon moon_id; Type: DEFAULT; Schema: public; Owner: freecodecamp
--

ALTER TABLE ONLY public.moon ALTER COLUMN moon_id SET DEFAULT nextval('public.moon_moon_id_seq'::regclass);


--
-- Name: nebula nebula_id; Type: DEFAULT; Schema: public; Owner: freecodecamp
--

ALTER TABLE ONLY public.nebula ALTER COLUMN nebula_id SET DEFAULT nextval('public.nebula_nebula_id_seq'::regclass);


--
-- Name: planet planet_id; Type: DEFAULT; Schema: public; Owner: freecodecamp
--

ALTER TABLE ONLY public.planet ALTER COLUMN planet_id SET DEFAULT nextval('public.planet_planet_id_seq'::regclass);


--
-- Name: star star_id; Type: DEFAULT; Schema: public; Owner: freecodecamp
--

ALTER TABLE ONLY public.star ALTER COLUMN star_id SET DEFAULT nextval('public.star_star_id_seq'::regclass);


--
-- Data for Name: galaxy; Type: TABLE DATA; Schema: public; Owner: freecodecamp
--

INSERT INTO public.galaxy VALUES (1, 'andromeda', NULL, NULL, NULL);
INSERT INTO public.galaxy VALUES (2, 'butterfly', NULL, NULL, NULL);
INSERT INTO public.galaxy VALUES (3, 'comet', NULL, NULL, NULL);
INSERT INTO public.galaxy VALUES (4, 'milky way', NULL, NULL, NULL);
INSERT INTO public.galaxy VALUES (5, 'sombrero', NULL, NULL, NULL);
INSERT INTO public.galaxy VALUES (6, 'pinwheel', NULL, NULL, NULL);


--
-- Data for Name: moon; Type: TABLE DATA; Schema: public; Owner: freecodecamp
--

INSERT INTO public.moon VALUES (1, 'luna', NULL, NULL, 1);
INSERT INTO public.moon VALUES (2, 'phobos', NULL, NULL, 2);
INSERT INTO public.moon VALUES (3, 'deimos', NULL, NULL, 2);
INSERT INTO public.moon VALUES (4, 'mimas', NULL, NULL, 3);
INSERT INTO public.moon VALUES (5, 'titan', NULL, NULL, 3);
INSERT INTO public.moon VALUES (6, 'hyperion', NULL, NULL, 3);
INSERT INTO public.moon VALUES (7, 'umbriel', NULL, NULL, 8);
INSERT INTO public.moon VALUES (8, 'titania', NULL, NULL, 8);
INSERT INTO public.moon VALUES (9, 'oberon', NULL, NULL, 8);
INSERT INTO public.moon VALUES (10, 'triton', NULL, NULL, 10);
INSERT INTO public.moon VALUES (11, 'galatea', NULL, NULL, 10);
INSERT INTO public.moon VALUES (12, 'proteus', NULL, NULL, 10);
INSERT INTO public.moon VALUES (13, 'nix', NULL, NULL, 12);
INSERT INTO public.moon VALUES (14, 'hydra', NULL, NULL, 12);
INSERT INTO public.moon VALUES (15, 'europa', NULL, NULL, 4);
INSERT INTO public.moon VALUES (16, 'ganymede', NULL, NULL, 4);
INSERT INTO public.moon VALUES (17, 'callisto', NULL, NULL, 4);
INSERT INTO public.moon VALUES (18, 'elara', NULL, NULL, 4);
INSERT INTO public.moon VALUES (19, 'leda', NULL, NULL, 4);
INSERT INTO public.moon VALUES (21, 'dione', NULL, NULL, 3);
INSERT INTO public.moon VALUES (22, 'rhea', NULL, NULL, 3);
INSERT INTO public.moon VALUES (23, 'ophelia', NULL, NULL, 8);
INSERT INTO public.moon VALUES (24, 'desdemona', NULL, NULL, 8);


--
-- Data for Name: nebula; Type: TABLE DATA; Schema: public; Owner: freecodecamp
--

INSERT INTO public.nebula VALUES (1, 'orion', NULL, 'emission');
INSERT INTO public.nebula VALUES (2, 'helix', NULL, 'planetary');
INSERT INTO public.nebula VALUES (3, 'veil', NULL, 'supernova remnant');
INSERT INTO public.nebula VALUES (4, 'horsehead', NULL, 'dark');


--
-- Data for Name: planet; Type: TABLE DATA; Schema: public; Owner: freecodecamp
--

INSERT INTO public.planet VALUES (1, 'earth', NULL, NULL, 7);
INSERT INTO public.planet VALUES (2, 'mars', NULL, NULL, 7);
INSERT INTO public.planet VALUES (3, 'saturn', NULL, NULL, 7);
INSERT INTO public.planet VALUES (5, 'saffir', NULL, NULL, 8);
INSERT INTO public.planet VALUES (6, 'samh', NULL, NULL, 8);
INSERT INTO public.planet VALUES (7, 'proxima centauri b', NULL, NULL, 9);
INSERT INTO public.planet VALUES (8, 'uranus', NULL, NULL, 7);
INSERT INTO public.planet VALUES (4, 'jupiter', NULL, NULL, 7);
INSERT INTO public.planet VALUES (9, 'mercury', NULL, NULL, 7);
INSERT INTO public.planet VALUES (10, 'neptune', NULL, NULL, 7);
INSERT INTO public.planet VALUES (11, 'proxima centauri c', NULL, NULL, 9);
INSERT INTO public.planet VALUES (12, 'pluto', NULL, NULL, 7);


--
-- Data for Name: star; Type: TABLE DATA; Schema: public; Owner: freecodecamp
--

INSERT INTO public.star VALUES (1, 'alpha andromedae', NULL, NULL, 1, NULL);
INSERT INTO public.star VALUES (2, 'mizar', NULL, NULL, 6, NULL);
INSERT INTO public.star VALUES (3, 'alcor', NULL, NULL, 6, NULL);
INSERT INTO public.star VALUES (4, 'sirius', NULL, NULL, 4, NULL);
INSERT INTO public.star VALUES (7, 'sun', NULL, NULL, 4, NULL);
INSERT INTO public.star VALUES (8, 'upsilon andromadae', NULL, NULL, 1, NULL);
INSERT INTO public.star VALUES (9, 'proxima centauri', NULL, NULL, 4, NULL);


--
-- Name: galaxy_galaxy_id_seq; Type: SEQUENCE SET; Schema: public; Owner: freecodecamp
--

SELECT pg_catalog.setval('public.galaxy_galaxy_id_seq', 6, true);


--
-- Name: moon_moon_id_seq; Type: SEQUENCE SET; Schema: public; Owner: freecodecamp
--

SELECT pg_catalog.setval('public.moon_moon_id_seq', 24, true);


--
-- Name: nebula_nebula_id_seq; Type: SEQUENCE SET; Schema: public; Owner: freecodecamp
--

SELECT pg_catalog.setval('public.nebula_nebula_id_seq', 4, true);


--
-- Name: planet_planet_id_seq; Type: SEQUENCE SET; Schema: public; Owner: freecodecamp
--

SELECT pg_catalog.setval('public.planet_planet_id_seq', 12, true);


--
-- Name: star_star_id_seq; Type: SEQUENCE SET; Schema: public; Owner: freecodecamp
--

SELECT pg_catalog.setval('public.star_star_id_seq', 9, true);


--
-- Name: galaxy galaxy_name_key; Type: CONSTRAINT; Schema: public; Owner: freecodecamp
--

ALTER TABLE ONLY public.galaxy
    ADD CONSTRAINT galaxy_name_key UNIQUE (name);


--
-- Name: galaxy galaxy_pkey; Type: CONSTRAINT; Schema: public; Owner: freecodecamp
--

ALTER TABLE ONLY public.galaxy
    ADD CONSTRAINT galaxy_pkey PRIMARY KEY (galaxy_id);


--
-- Name: moon moon_name_key; Type: CONSTRAINT; Schema: public; Owner: freecodecamp
--

ALTER TABLE ONLY public.moon
    ADD CONSTRAINT moon_name_key UNIQUE (name);


--
-- Name: moon moon_pkey; Type: CONSTRAINT; Schema: public; Owner: freecodecamp
--

ALTER TABLE ONLY public.moon
    ADD CONSTRAINT moon_pkey PRIMARY KEY (moon_id);


--
-- Name: nebula nebula_name_key; Type: CONSTRAINT; Schema: public; Owner: freecodecamp
--

ALTER TABLE ONLY public.nebula
    ADD CONSTRAINT nebula_name_key UNIQUE (name);


--
-- Name: nebula nebula_pkey; Type: CONSTRAINT; Schema: public; Owner: freecodecamp
--

ALTER TABLE ONLY public.nebula
    ADD CONSTRAINT nebula_pkey PRIMARY KEY (nebula_id);


--
-- Name: planet planet_name_key; Type: CONSTRAINT; Schema: public; Owner: freecodecamp
--

ALTER TABLE ONLY public.planet
    ADD CONSTRAINT planet_name_key UNIQUE (name);


--
-- Name: planet planet_pkey; Type: CONSTRAINT; Schema: public; Owner: freecodecamp
--

ALTER TABLE ONLY public.planet
    ADD CONSTRAINT planet_pkey PRIMARY KEY (planet_id);


--
-- Name: star star_name_key; Type: CONSTRAINT; Schema: public; Owner: freecodecamp
--

ALTER TABLE ONLY public.star
    ADD CONSTRAINT star_name_key UNIQUE (name);


--
-- Name: star star_pkey; Type: CONSTRAINT; Schema: public; Owner: freecodecamp
--

ALTER TABLE ONLY public.star
    ADD CONSTRAINT star_pkey PRIMARY KEY (star_id);


--
-- Name: moon moon_planet_id_fkey; Type: FK CONSTRAINT; Schema: public; Owner: freecodecamp
--

ALTER TABLE ONLY public.moon
    ADD CONSTRAINT moon_planet_id_fkey FOREIGN KEY (planet_id) REFERENCES public.planet(planet_id);


--
-- Name: planet planet_star_id_fkey; Type: FK CONSTRAINT; Schema: public; Owner: freecodecamp
--

ALTER TABLE ONLY public.planet
    ADD CONSTRAINT planet_star_id_fkey FOREIGN KEY (star_id) REFERENCES public.star(star_id);


--
-- Name: star star_galaxy_id_fkey; Type: FK CONSTRAINT; Schema: public; Owner: freecodecamp
--

ALTER TABLE ONLY public.star
    ADD CONSTRAINT star_galaxy_id_fkey FOREIGN KEY (galaxy_id) REFERENCES public.galaxy(galaxy_id);


--
-- PostgreSQL database dump complete
--

